{
  "n_viable_points": 1500,
  "lambda_m": {
    "min": 9.866349019999998e-07,
    "max": 0.9866349019999999,
    "p05": 1.7340213231175707e-06,
    "p50": 0.0009964552605523757,
    "p95": 0.5613820411933603
  },
  "alpha": {
    "min": 1.9595561504395536e-12,
    "max": 1.06377943458673e-07,
    "p05": 2.8537966162708315e-12,
    "p50": 4.6465646275008134e-10,
    "p95": 7.304429200982963e-08
  },
  "m_phi": {
    "min": 2.0000000000000002e-16,
    "max": 2.0000000000000003e-10,
    "p05": 3.5150212497095794e-16,
    "p50": 2.0199067730778003e-13,
    "p95": 1.1379732058036565e-10
  },
  "theta": {
    "min": 1e-22,
    "max": 2.3299518105153813e-20,
    "p05": 1.2067926406393265e-22,
    "p50": 1.5331642155920697e-21,
    "p95": 1.9306977288832457e-20
  },
  "constraint_dominance": {
    "counts": {
      "ATLAS_mu": 200,
      "Higgs_inv": 0,
      "Fifth_force": 0,
      "QRNG_tilt": 1300
    },
    "percentages": {
      "ATLAS_mu": 13.333333333333334,
      "Higgs_inv": 0.0,
      "Fifth_force": 0.0,
      "QRNG_tilt": 86.66666666666667
    }
  }
}