{
  "n_runs": 50,
  "n_survived": 50,
  "survival_rate": 1.0,
  "lambda_m": {
    "p05": {
      "mean": 6.5043334321403905e-06,
      "std": 0.0,
      "min": 6.5043334321403905e-06,
      "max": 6.5043334321403905e-06
    },
    "p50": {
      "mean": 0.001000592305915485,
      "std": 0.0
    },
    "p95": {
      "mean": 0.15390132045785376,
      "std": 0.0,
      "min": 0.15390132045785376,
      "max": 0.15390132045785376
    }
  },
  "alpha": {
    "p05": {
      "mean": 5.972669881280444e-12,
      "std": 2.350809317501688e-14
    },
    "p50": {
      "mean": 1.300005084946176e-09,
      "std": 2.728635504170642e-12
    },
    "p95": {
      "mean": 2.82908271257837e-07,
      "std": 6.017654494209748e-11
    }
  }
}