{
  "n_viable_points": 40000,
  "lambda_m": {
    "min": 1.973e-13,
    "max": 1.973e-07,
    "p05": 3.937093943455953e-13,
    "p50": 1.9741887990014777e-10,
    "p95": 9.889580016626557e-08
  },
  "alpha": {
    "min": 2.4520963532444954e-54,
    "max": 2.4520963532444956e-44,
    "p05": 7.756591860205008e-54,
    "p50": 2.456201171189788e-49,
    "p95": 7.756763138890999e-45
  },
  "m_phi": {
    "min": 1e-06,
    "max": 1.0,
    "p05": 1.9954860331758507e-06,
    "p50": 0.0010006025337057657,
    "p95": 0.5012458193931352
  },
  "theta": {
    "min": 1e-06,
    "max": 0.1,
    "p05": 1.7784183507518663e-06,
    "p50": 0.00031636007993484093,
    "p95": 0.05623868140541979
  },
  "constraint_dominance": {
    "counts": {
      "ATLAS_mu": 0,
      "Higgs_inv": 0,
      "Fifth_force": 40000,
      "QRNG_tilt": 0
    },
    "percentages": {
      "ATLAS_mu": 0.0,
      "Higgs_inv": 0.0,
      "Fifth_force": 100.0,
      "QRNG_tilt": 0.0
    }
  }
}