{
  "n_viable_points": 9900,
  "lambda_m": {
    "min": 1e-06,
    "max": 1.0,
    "p50": 0.0010024352844467716,
    "p05": 1.9961477724371896e-06,
    "p95": 0.5014290769082477
  },
  "alpha": {
    "min": 1e-12,
    "max": 8.697490026177835e-07,
    "p50": 9.32603346883218e-10,
    "p05": 1.747528400007683e-12,
    "p95": 4.977023564332114e-07
  }
}