{
  "n_viable_points": 159600,
  "lambda_m": {
    "min": 1.9960000000000017e-06,
    "max": 0.5014,
    "p50": 0.0010005185629389797,
    "p05": 3.7168210342293808e-06,
    "p95": 0.2692732740672305
  },
  "alpha": {
    "min": 1.7480000000000008e-12,
    "max": 9.673202496142218e-07,
    "p50": 1.3003368011117941e-09,
    "p05": 3.2862917926540707e-12,
    "p95": 5.145239385331871e-07
  }
}