{
  "n_viable_points": 20600,
  "lambda_m": {
    "min": 1.973e-13,
    "max": 1.973e-07,
    "p05": 3.937093943455953e-13,
    "p50": 1.9741887990014777e-10,
    "p95": 9.889580016629134e-08
  },
  "alpha": {
    "min": 1e-12,
    "max": 1.3354515629299e-07,
    "p05": 1.783430876931913e-12,
    "p50": 3.654383070957262e-10,
    "p95": 7.488103857590031e-08
  },
  "m_phi": {
    "min": 1e-06,
    "max": 1.0,
    "p05": 1.9954860331758507e-06,
    "p50": 0.0010006025337057657,
    "p95": 0.5012458193932657
  },
  "theta": {
    "min": 1e-06,
    "max": 0.0003654383070957258,
    "p05": 1.3354515629299e-06,
    "p50": 1.9116440753857038e-05,
    "p95": 0.0002736439997074672
  },
  "constraint_dominance": {
    "counts": {
      "ATLAS_mu": 0,
      "Higgs_inv": 0,
      "Fifth_force": 20600,
      "QRNG_tilt": 0
    },
    "percentages": {
      "ATLAS_mu": 0.0,
      "Higgs_inv": 0.0,
      "Fifth_force": 100.0,
      "QRNG_tilt": 0.0
    }
  }
}