{
  "qrng_constrained": true,
  "fifth_force_constrained": true,
  "higgs_constrained": true,
  "viable_region_exists": true,
  "constraints": [
    "QRNG: |\u03b5| < 0.0008",
    "Fifth-force: \u03b1 < 1.23e-06",
    "Higgs portal: m_\u03a6 in 1.0-1000.0 GeV"
  ],
  "note": "Full intersection analysis requires parameter mapping (m_M, g_M) \u2194 (m_Phi, g_PhiH)",
  "qrng_epsilon_bounds": {
    "lower_95": -0.002291972018104216,
    "upper_95": 0.0008069864756103939,
    "magnitude_max": 0.002291972018104216
  },
  "island_coordinates": {
    "n_viable_points": 159600,
    "lambda_m": {
      "min": 3.717e-06,
      "max": 0.2693,
      "p50": 0.001000592305915485,
      "p05": 6.5043334321403905e-06,
      "p95": 0.15390132045785376
    },
    "alpha": {
      "min": 3.2859999999999975e-12,
      "max": 1.193819203999188e-06,
      "p50": 1.9806286639199488e-09,
      "p05": 6.0549091614678596e-12,
      "p95": 6.478858393625043e-07
    }
  }
}