{
  "n_viable_points": 1650,
  "lambda_m": {
    "min": 1e-06,
    "max": 1.0,
    "p50": 0.0010099533865388995,
    "p05": 1.757510624854793e-06,
    "p95": 0.5689866029018293
  },
  "alpha": {
    "min": 1e-12,
    "max": 7.543120063354623e-07,
    "p50": 8.68511373751352e-10,
    "p05": 1.5264179671752364e-12,
    "p95": 4.941713361323838e-07
  }
}