{
  "n_viable_points": 1700,
  "lambda_m": {
    "min": 1.973269804e-16,
    "max": 1.973269804e-10,
    "p05": 3.468042646235135e-16,
    "p50": 1.9929105211047525e-13,
    "p95": 1.1227640823867186e-10
  },
  "alpha": {
    "min": 4.919029678101661e-13,
    "max": 1.2012531647584734e-07,
    "p05": 7.163821382486761e-13,
    "p50": 2.473912440225158e-10,
    "p95": 8.248390981391691e-08
  },
  "m_phi": {
    "min": 1e-06,
    "max": 1.0,
    "p05": 1.757510624854793e-06,
    "p50": 0.0010099533865388995,
    "p95": 0.5689866029018293
  },
  "theta": {
    "min": 1e-22,
    "max": 4.941713361323818e-20,
    "p05": 1.2067926406393265e-22,
    "p50": 2.2328213711369095e-21,
    "p95": 4.094915062380419e-20
  },
  "constraint_dominance": {
    "counts": {
      "ATLAS_mu": 0,
      "Higgs_inv": 0,
      "Fifth_force": 1700,
      "QRNG_tilt": 0
    },
    "percentages": {
      "ATLAS_mu": 0.0,
      "Higgs_inv": 0.0,
      "Fifth_force": 100.0,
      "QRNG_tilt": 0.0
    }
  }
}