{
  "n_viable_points": 62250,
  "lambda_m": {
    "min": 1e-06,
    "max": 1.0,
    "p50": 0.0010003848336591335,
    "p05": 1.946061794205562e-06,
    "p95": 0.5138582972943202
  },
  "alpha": {
    "min": 1e-12,
    "max": 9.460271806598633e-07,
    "p50": 9.726392859944848e-10,
    "p05": 1.9460617942055624e-12,
    "p95": 4.861239162480237e-07
  }
}