{
  "n_viable_points": 100,
  "lambda_m": {
    "min": 9.866349019999998e-07,
    "max": 0.9866349019999999,
    "p05": 9.866349019999998e-07,
    "p50": 0.0012917979068312977,
    "p95": 0.9866349019999999
  },
  "alpha": {
    "min": 1.0000000000000001e-44,
    "max": 1.0000000000000001e-36,
    "p05": 1.0000000000000001e-44,
    "p50": 1.5709703842937892e-40,
    "p95": 1.0000000000000001e-36
  },
  "m_phi": {
    "min": 2.0000000000000002e-16,
    "max": 2.0000000000000003e-10,
    "p05": 2.0000000000000002e-16,
    "p50": 2.6185935733931557e-13,
    "p95": 2.0000000000000003e-10
  },
  "theta": {
    "min": 1e-22,
    "max": 1e-18,
    "p05": 1e-22,
    "p50": 1.1337923937594988e-20,
    "p95": 1e-18
  },
  "constraint_dominance": {
    "counts": {
      "ATLAS_mu": 0,
      "Higgs_inv": 100,
      "Fifth_force": 0,
      "QRNG_tilt": 0
    },
    "percentages": {
      "ATLAS_mu": 0.0,
      "Higgs_inv": 100.0,
      "Fifth_force": 0.0,
      "QRNG_tilt": 0.0
    }
  }
}