{
  "n": 200000,
  "k": 99821,
  "p_hat": 0.499105,
  "epsilon_hat": -0.0008949999999999791,
  "prior_a": 1.0,
  "prior_b": 1.0,
  "log_p_D_H0": -138629.43611198905,
  "log_p_D_H1": -138634.99295214028,
  "log_BF10": -5.5568401512282435,
  "BF10": 0.003860957183569005,
  "p_lower_95": 0.49691373332528516,
  "p_upper_95": 0.5012963015282392,
  "epsilon_lower_95": -0.0030862666747148437,
  "epsilon_upper_95": 0.0012963015282392298
}