{
  "n": 200000,
  "k": 99890,
  "p_hat": 0.49945,
  "epsilon_hat": -0.0005499999999999949,
  "prior_a": 1.0,
  "prior_b": 1.0,
  "log_p_D_H0": -138629.43611198905,
  "log_p_D_H1": -138635.19236129033,
  "log_BF10": -5.756249301281059,
  "BF10": 0.0031629526609274956,
  "p_lower_95": 0.4972587244229154,
  "p_upper_95": 0.5016412969954518,
  "epsilon_lower_95": -0.00274127557708459,
  "epsilon_upper_95": 0.0016412969954517909
}