{
  "n": 400000,
  "k": 199703,
  "p_hat": 0.4992575,
  "epsilon_hat": -0.0007424999999999793,
  "prior_a": 1.0,
  "prior_b": 1.0,
  "log_p_D_H0": -277258.8722239781,
  "log_p_D_H1": -277264.6550003546,
  "log_BF10": -5.782776376523543,
  "BF10": 0.0030801518646010285,
  "p_lower_95": 0.4977080279818958,
  "p_upper_95": 0.5008069864756104,
  "epsilon_lower_95": -0.002291972018104216,
  "epsilon_upper_95": 0.0008069864756103939
}